Day,Month,Round,Home,Away,Venue,Predicted winner,Predicted margin,Likelihood of win
15,5,10,GCS,HAW,TIO Stadium,HAW,4,0.5531648004450489
16,5,10,SYD,CAR,SCG,SYD,18,0.6925786775810031
17,5,10,COL,ADL,MCG,COL,22,0.7342683258852882
17,5,10,PTA,GEE,Adelaide Oval,PTA,4,0.5462606790762216
17,5,10,GWS,FRE,ENGIE Stadium,GWS,19,0.7075698333354395
17,5,10,WBD,ESS,Marvel Stadium,WBD,19,0.7262110900379202
18,5,10,RCH,NTH,MCG,RCH,10,0.6331112003895241
18,5,10,WCE,STK,Optus Stadium,STK,28,0.7863909551111838
18,5,10,BRS,MEL,Gabba,BRS,42,0.8755787290562324
