Day,Month,Round,Home,Away,Venue,Predicted winner,Predicted margin,Likelihood of win
15,5,10,GCS,HAW,TIO Stadium,HAW,1,0.5159014783132578
16,5,10,SYD,CAR,SCG,SYD,11,0.6241029134300812
17,5,10,COL,ADL,MCG,COL,20,0.7170824878046449
17,5,10,PTA,GEE,Adelaide Oval,PTA,4,0.5477590530477331
17,5,10,GWS,FRE,ENGIE Stadium,GWS,23,0.7481923960301022
17,5,10,WBD,ESS,Marvel Stadium,WBD,11,0.6483857086568899
18,5,10,RCH,NTH,MCG,RCH,9,0.6245767162736964
18,5,10,WCE,STK,Optus Stadium,STK,26,0.7749679837019334
18,5,10,BRS,MEL,Gabba,BRS,40,0.868124047366903
