Rank,Team,Elo
1,Melbourne,1760.402119
2,Brisbane Lions,1650.115578
3,Geelong,1588.284991
4,Sydney,1569.52485
5,St Kilda,1537.533329
6,Port Adelaide,1533.60402
7,Western Bulldogs,1532.421592
8,Richmond,1490.358114
9,Fremantle,1474.08777
10,Carlton,1471.710175
11,Gold Coast,1430.850728
12,Hawthorn,1417.050307
13,Greater Western Sydney,1407.119793
14,Collingwood,1401.227899
15,Essendon,1397.778005
16,Adelaide,1323.714149
17,West Coast,1294.899497
18,North Melbourne,1219.317086
