Rank,Team,Elo
1,Collingwood,1708.896104
2,Melbourne,1652.592751
3,Brisbane Lions,1610.564683
4,Port Adelaide,1590.80137
5,Sydney,1590.418197
6,Geelong,1546.112419
7,Western Bulldogs,1532.586819
8,Fremantle,1524.373631
9,Richmond,1510.959301
10,St Kilda,1506.371194
11,Adelaide,1454.945046
12,Essendon,1444.563771
13,Gold Coast,1443.952035
14,Carlton,1431.479148
15,Greater Western Sydney,1331.406194
16,Hawthorn,1322.164102
17,West Coast,1150.90012
18,North Melbourne,1146.913115
