Rank,Team,Elo
1,Melbourne,1692.827841
2,Brisbane Lions,1632.934538
3,Geelong,1606.742616
4,Sydney,1556.717684
5,Western Bulldogs,1553.531185
6,St Kilda,1552.276246
7,Port Adelaide,1527.102402
8,Fremantle,1509.976751
9,Richmond,1496.646734
10,Carlton,1480.426128
11,Collingwood,1446.639292
12,Gold Coast,1444.22293
13,Hawthorn,1416.425668
14,Greater Western Sydney,1413.97183
15,Essendon,1376.056103
16,Adelaide,1309.56948
17,West Coast,1271.371345
18,North Melbourne,1212.561229
