Rank,Team,Elo
1,Collingwood,1711.584339
2,Melbourne,1659.388505
3,Port Adelaide,1614.849798
4,Brisbane Lions,1566.903961
5,Geelong,1565.810621
6,Sydney,1563.666611
7,Richmond,1541.003606
8,St Kilda,1533.12278
9,Fremantle,1502.375796
10,Western Bulldogs,1494.221328
11,Essendon,1469.263374
12,Gold Coast,1460.66915
13,Adelaide,1443.96607
14,Carlton,1403.101232
15,Hawthorn,1360.443685
16,Greater Western Sydney,1337.2831
17,West Coast,1142.473746
18,North Melbourne,1129.872297
