Rank,Team,Elo
1,Geelong,1624.602991
2,Melbourne,1622.952495
3,Brisbane Lions,1622.416459
4,Sydney,1563.83254
5,Western Bulldogs,1554.708554
6,Fremantle,1539.700405
7,Port Adelaide,1534.0639
8,Richmond,1526.770636
9,St Kilda,1498.82997
10,Collingwood,1496.808099
11,Carlton,1478.352611
12,Gold Coast,1461.360264
13,Greater Western Sydney,1411.949126
14,Essendon,1404.192459
15,Hawthorn,1400.109811
16,Adelaide,1313.695897
17,West Coast,1252.322273
18,North Melbourne,1193.33151
