Rank,Team,Elo
1,Collingwood,1699.730579
2,Melbourne,1671.242265
3,Port Adelaide,1629.357392
4,Brisbane Lions,1580.599221
5,Richmond,1559.082596
6,Geelong,1551.303027
7,Sydney,1549.971351
8,St Kilda,1515.043791
9,Western Bulldogs,1498.199289
10,Essendon,1469.263374
11,Fremantle,1463.569216
12,Adelaide,1443.96607
13,Gold Coast,1435.332983
14,Carlton,1428.437399
15,Greater Western Sydney,1376.08968
16,Hawthorn,1360.443685
17,West Coast,1142.473746
18,North Melbourne,1125.894336
