Rank,Team,Elo
1,Collingwood,1707.98035
2,Melbourne,1693.124786
3,Port Adelaide,1648.669423
4,Brisbane Lions,1639.92693
5,Geelong,1623.817843
6,Sydney,1589.618389
7,Richmond,1579.16656
8,Western Bulldogs,1510.062508
9,St Kilda,1505.137654
10,Fremantle,1480.06405
11,Essendon,1440.027804
12,Gold Coast,1421.513159
13,Carlton,1417.056452
14,Adelaide,1401.888703
15,Greater Western Sydney,1354.405152
16,Hawthorn,1311.101916
17,West Coast,1103.898184
18,North Melbourne,1072.540138
