Rank,Team,Elo
1,Melbourne,1643.728117
2,Geelong,1630.124078
3,Brisbane Lions,1601.640837
4,Sydney,1578.514434
5,Western Bulldogs,1566.265891
6,Port Adelaide,1538.00114
7,Richmond,1521.249549
8,Fremantle,1517.274466
9,Collingwood,1505.215267
10,Carlton,1500.77855
11,St Kilda,1484.148076
12,Gold Coast,1457.423024
13,Greater Western Sydney,1403.541959
14,Hawthorn,1388.552474
15,Essendon,1382.100653
16,Adelaide,1332.601772
17,West Coast,1274.414079
18,North Melbourne,1174.425634
