Rank,Team,Elo
1,Collingwood,1721.771188
2,Melbourne,1679.594055
3,Brisbane Lions,1657.275154
4,Port Adelaide,1655.512246
5,Geelong,1623.817843
6,Sydney,1589.618389
7,Richmond,1561.818336
8,Western Bulldogs,1525.064496
9,St Kilda,1509.362472
10,Fremantle,1465.062062
11,Carlton,1436.620889
12,Essendon,1433.184981
13,Gold Coast,1407.722322
14,Adelaide,1406.94231
15,Greater Western Sydney,1367.935883
16,Hawthorn,1291.53748
17,West Coast,1099.673366
18,North Melbourne,1067.486531
