Rank,Team,Elo
1,Melbourne,1650.442447
2,Geelong,1633.158772
3,Brisbane Lions,1617.562683
4,Sydney,1553.559292
5,Western Bulldogs,1550.344045
6,Fremantle,1529.26598
7,Richmond,1526.587813
8,Port Adelaide,1526.009626
9,Collingwood,1516.238336
10,St Kilda,1502.661907
11,Carlton,1482.264719
12,Gold Coast,1446.399954
13,Greater Western Sydney,1418.181588
14,Essendon,1407.055795
15,Hawthorn,1373.912844
16,Adelaide,1325.887442
17,West Coast,1269.075815
18,North Melbourne,1171.39094
