Rank,Team,Elo
1,Geelong,1654.793825
2,Melbourne,1628.807394
3,Brisbane Lions,1584.422895
4,Sydney,1573.179958
5,Fremantle,1554.082483
6,Port Adelaide,1538.203821
7,Western Bulldogs,1530.723379
8,Richmond,1518.914414
9,Collingwood,1518.6817
10,Carlton,1495.296047
11,St Kilda,1477.845403
12,Gold Coast,1454.073353
13,Essendon,1440.195583
14,Greater Western Sydney,1405.987393
15,Hawthorn,1387.969962
16,Adelaide,1311.830325
17,West Coast,1256.044487
18,North Melbourne,1168.947577
