Day,Month,Round,Home,Away,Venue,Predicted winner,Predicted margin,Likelihood of win
18,7,19,BRS,WBD,Gabba,BRS,18,0.705176694765169
19,7,19,WCE,RCH,Optus Stadium,RCH,1,0.5204635384744716
20,7,19,ADL,GCS,Adelaide Oval,ADL,11,0.6325743204855039
19,7,19,SYD,NTH,SCG,SYD,34,0.8282523534394323
20,7,19,COL,FRE,MCG,COL,17,0.6887118719652906
19,7,19,CAR,MEL,MCG,CAR,3,0.5530861461249885
17,7,19,ESS,GWS,Marvel Stadium,GWS,19,0.7101078812808763
19,7,19,HAW,PTA,UTAS Stadium,HAW,18,0.7058812577668035
20,7,19,GEE,STK,GMHBA Stadium,GEE,24,0.7679942282840532
