Day,Month,Round,Home,Away,Venue,Predicted winner,Predicted margin,Likelihood of win
18,7,19,BRS,WBD,Gabba,BRS,15,0.6755117147847203
19,7,19,WCE,RCH,Optus Stadium,WCE,2,0.5232507941668316
20,7,19,ADL,GCS,Adelaide Oval,ADL,13,0.6441119433978552
19,7,19,SYD,NTH,SCG,SYD,31,0.8125920222928092
20,7,19,COL,FRE,MCG,COL,22,0.7400906216503689
19,7,19,CAR,MEL,MCG,CAR,5,0.5760204367526895
17,7,19,ESS,GWS,Marvel Stadium,GWS,14,0.6559135133627857
19,7,19,HAW,PTA,UTAS Stadium,HAW,21,0.729743912101528
20,7,19,GEE,STK,GMHBA Stadium,GEE,25,0.7776753956229755
