Rank,Team,Elo
1,Geelong,1754.409734
2,Sydney,1662.632067
3,Melbourne,1625.805332
4,Brisbane Lions,1614.398755
5,Richmond,1565.85647
6,Collingwood,1564.565825
7,Fremantle,1548.62882
8,Western Bulldogs,1534.10683
9,Port Adelaide,1508.236885
10,St Kilda,1455.346943
11,Carlton,1450.056734
12,Gold Coast,1420.578697
13,Hawthorn,1387.77259
14,Essendon,1381.843273
15,Greater Western Sydney,1363.286164
16,Adelaide,1331.574749
17,West Coast,1189.555736
18,North Melbourne,1141.344396
