Rank,Team,Elo
1,Collingwood,1742.382629
2,Melbourne,1696.279736
3,Brisbane Lions,1667.435977
4,Geelong,1628.775593
5,Port Adelaide,1622.441303
6,Sydney,1597.27114
7,Richmond,1582.344902
8,Western Bulldogs,1531.398988
9,Carlton,1505.969628
10,St Kilda,1478.329591
11,Greater Western Sydney,1419.30029
12,Essendon,1412.724937
13,Fremantle,1409.119453
14,Gold Coast,1403.528666
15,Adelaide,1369.88701
16,Hawthorn,1292.544134
17,West Coast,1089.652337
18,North Melbourne,1050.613685
