Rank,Team,Elo
1,Geelong,1676.924112
2,Melbourne,1617.500335
3,Brisbane Lions,1604.594338
4,Sydney,1597.123678
5,Western Bulldogs,1567.235126
6,Fremantle,1534.376632
7,Collingwood,1531.8964
8,Port Adelaide,1518.103762
9,Carlton,1496.162593
10,Richmond,1487.488365
11,St Kilda,1472.054235
12,Essendon,1453.380102
13,Gold Coast,1426.843738
14,Hawthorn,1407.055461
15,Greater Western Sydney,1380.611405
16,Adelaide,1301.816413
17,West Coast,1236.775699
18,North Melbourne,1190.057607
