Rank,Team,Elo
1,Geelong,1689.643347
2,Melbourne,1638.253155
3,Sydney,1604.648529
4,Brisbane Lions,1587.799923
5,Western Bulldogs,1554.51589
6,Collingwood,1541.030371
7,Fremantle,1513.623811
8,Port Adelaide,1508.96979
9,Richmond,1504.28278
10,St Kilda,1483.840476
11,Essendon,1460.387174
12,Carlton,1459.572708
13,Gold Coast,1429.6245
14,Hawthorn,1395.269219
15,Greater Western Sydney,1373.086555
16,Adelaide,1338.406298
17,West Coast,1233.994938
18,North Melbourne,1183.050534
