Rank,Team,Elo
1,Geelong,1698.841683
2,Melbourne,1619.718937
3,Sydney,1608.763283
4,Brisbane Lions,1597.466651
5,Collingwood,1559.564589
6,Fremantle,1537.746225
7,Richmond,1531.398119
8,Western Bulldogs,1530.393477
9,Port Adelaide,1481.854451
10,St Kilda,1474.642141
11,Carlton,1449.90598
12,Essendon,1436.441571
13,Gold Coast,1417.598299
14,Hawthorn,1407.29542
15,Greater Western Sydney,1397.032158
16,Adelaide,1352.46429
17,West Coast,1219.936945
18,North Melbourne,1178.93578
