Rank,Team,Elo
1,Melbourne,1704.149463
2,Brisbane Lions,1669.057409
3,Collingwood,1652.58275
4,Sydney,1624.99207
5,Port Adelaide,1596.524862
6,Geelong,1577.519653
7,Carlton,1576.29674
8,St Kilda,1527.685607
9,Richmond,1514.343348
10,Western Bulldogs,1501.534633
11,Greater Western Sydney,1436.938864
12,Adelaide,1421.120693
13,Fremantle,1420.096417
14,Gold Coast,1405.58465
15,Essendon,1388.621719
16,Hawthorn,1333.021482
17,West Coast,1114.778208
18,North Melbourne,1035.15143
