Day,Month,Round,Home,Away,Venue,Predicted winner,Predicted margin,Likelihood of win
23,8,24,MEL,COL,MCG,COL,3,0.5154709811347338
24,8,24,GEE,WCE,GMHBA Stadium,GEE,47,0.8959257673503593
24,8,24,RCH,GCS,MCG,GCS,11,0.6363434946287703
24,8,24,HAW,NTH,UTAS Stadium,HAW,41,0.8777347136738254
24,8,24,BRS,ESS,Gabba,BRS,23,0.7423444172381553
24,8,24,SYD,ADL,SCG,SYD,29,0.7906451042125482
25,8,24,WBD,GWS,Mars Stadium,WBD,2,0.5188560091388666
25,8,24,CAR,STK,Marvel Stadium,CAR,18,0.7162713614600631
25,8,24,FRE,PTA,Optus Stadium,FRE,2,0.5180632648054907
