Day,Month,Round,Home,Away,Venue,Predicted winner,Predicted margin,Likelihood of win
23,8,24,MEL,COL,MCG,COL,4,0.5209275269579292
24,8,24,GEE,WCE,GMHBA Stadium,GEE,45,0.8874189554292032
24,8,24,RCH,GCS,MCG,GCS,11,0.634030876873334
24,8,24,HAW,NTH,UTAS Stadium,HAW,42,0.8836873319122384
24,8,24,BRS,ESS,Gabba,BRS,22,0.7352562326341139
24,8,24,SYD,ADL,SCG,SYD,31,0.8065231613852036
25,8,24,WBD,GWS,Mars Stadium,WBD,0,0.5064263083875006
25,8,24,CAR,STK,Marvel Stadium,CAR,16,0.6994434901662202
25,8,24,FRE,PTA,Optus Stadium,PTA,1,0.5091146117014906
