Rank,Team,Elo
1,Geelong,1709.923911
2,Melbourne,1653.083508
3,Sydney,1632.781701
4,Brisbane Lions,1582.007407
5,Richmond,1560.847101
6,Fremantle,1554.670838
7,Collingwood,1549.10695
8,Western Bulldogs,1546.132367
9,Port Adelaide,1522.146028
10,St Kilda,1451.166123
11,Carlton,1441.915892
12,Gold Coast,1420.092738
13,Essendon,1394.027577
14,Hawthorn,1381.74031
15,Greater Western Sydney,1379.685143
16,Adelaide,1347.168951
17,West Coast,1213.872873
18,North Melbourne,1159.630583
