Rank,Team,Elo
1,Melbourne,1723.983288
2,Brisbane Lions,1676.365885
3,Collingwood,1663.554177
4,Port Adelaide,1609.088734
5,Sydney,1605.158245
6,Geelong,1551.624224
7,Carlton,1541.214654
8,Western Bulldogs,1527.430063
9,St Kilda,1520.377131
10,Richmond,1501.779476
11,Greater Western Sydney,1472.02095
12,Fremantle,1442.93063
13,Adelaide,1432.259611
14,Essendon,1377.650292
15,Gold Coast,1365.585089
16,Hawthorn,1310.18727
17,West Coast,1103.639291
18,North Melbourne,1075.150991
