Rank,Team,Elo
1,Melbourne,1709.005204
2,Brisbane Lions,1691.311672
3,Collingwood,1678.532261
4,Port Adelaide,1594.142947
5,Sydney,1593.45531
6,Carlton,1552.91759
7,Geelong,1551.624224
8,Western Bulldogs,1527.430063
9,Richmond,1501.779476
10,Greater Western Sydney,1499.789649
11,St Kilda,1492.608431
12,Fremantle,1442.93063
13,Adelaide,1432.259611
14,Essendon,1377.650292
15,Gold Coast,1365.585089
16,Hawthorn,1310.18727
17,West Coast,1103.639291
18,North Melbourne,1075.150991
