Rank,Team,Elo
1,Melbourne,1698.785737
2,Brisbane Lions,1691.311672
3,Collingwood,1678.532261
4,Sydney,1593.45531
5,Port Adelaide,1564.38427
6,Carlton,1563.137056
7,Geelong,1551.624224
8,Greater Western Sydney,1529.548327
9,Western Bulldogs,1527.430063
10,Richmond,1501.779476
11,St Kilda,1492.608431
12,Fremantle,1442.93063
13,Adelaide,1432.259611
14,Essendon,1377.650292
15,Gold Coast,1365.585089
16,Hawthorn,1310.18727
17,West Coast,1103.639291
18,North Melbourne,1075.150991
