Rank,Team,Elo
1,Sydney,1693.160074
2,Melbourne,1666.887198
3,Geelong,1664.35123
4,Collingwood,1654.624329
5,Port Adelaide,1581.462874
6,Richmond,1565.85647
7,Brisbane Lions,1541.172766
8,St Kilda,1503.681999
9,Fremantle,1500.293765
10,Western Bulldogs,1493.024963
11,Carlton,1450.056734
12,Essendon,1449.646031
13,Greater Western Sydney,1393.094571
14,Gold Coast,1390.05069
15,Hawthorn,1319.969831
16,Adelaide,1301.766342
17,North Melbourne,1167.644463
18,West Coast,1163.255669
