Rank,Team,Elo
1,Sydney,1699.74767
2,Collingwood,1684.587103
3,Melbourne,1627.837275
4,Geelong,1612.450601
5,Richmond,1585.689798
6,Brisbane Lions,1580.22269
7,St Kilda,1553.182607
8,Port Adelaide,1551.5001
9,Carlton,1501.957363
10,Fremantle,1476.828753
11,Essendon,1474.743385
12,Western Bulldogs,1443.524355
13,Gold Coast,1364.953337
14,Greater Western Sydney,1327.125626
15,Hawthorn,1313.382235
16,Adelaide,1281.933014
17,West Coast,1229.224614
18,North Melbourne,1191.109475
