Rank,Team,Elo
1,Collingwood,1681.852912
2,Melbourne,1679.857826
3,Sydney,1641.367492
4,Geelong,1620.126601
5,Brisbane Lions,1601.678195
6,St Kilda,1581.37913
7,Richmond,1535.103424
8,Port Adelaide,1531.163278
9,Western Bulldogs,1500.79137
10,Carlton,1466.472336
11,Essendon,1451.758658
12,Fremantle,1431.596675
13,Adelaide,1406.818222
14,Gold Coast,1388.890495
15,Greater Western Sydney,1310.575012
16,Hawthorn,1298.916491
17,West Coast,1209.371591
18,North Melbourne,1162.280291
