Rank,Team,Elo
1,Melbourne,1756.394334
2,Brisbane Lions,1643.025554
3,Geelong,1608.54698
4,Sydney,1559.589714
5,Port Adelaide,1524.583856
6,St Kilda,1517.27134
7,Western Bulldogs,1516.124674
8,Fremantle,1501.075219
9,Richmond,1473.288494
10,Carlton,1448.16691
11,Hawthorn,1434.119927
12,Greater Western Sydney,1430.663057
13,Collingwood,1417.524816
14,Essendon,1407.713141
15,Gold Coast,1403.863279
16,Adelaide,1330.804173
17,West Coast,1298.907282
18,North Melbourne,1228.33725
