Rank,Team,Elo
1,Collingwood,1696.907015
2,Melbourne,1687.398545
3,Geelong,1636.936805
4,Brisbane Lions,1626.901007
5,Sydney,1616.364373
6,St Kilda,1566.225848
7,Port Adelaide,1555.293571
8,Western Bulldogs,1520.6804
9,Richmond,1502.317729
10,Carlton,1463.8288
11,Essendon,1435.081951
12,Fremantle,1434.304249
13,Gold Coast,1420.628704
14,Adelaide,1399.423503
15,Greater Western Sydney,1311.305205
16,Hawthorn,1278.768832
17,West Coast,1191.166593
18,North Melbourne,1156.46687
